LAIKA1,778.29,29.79,2170.63,-0.72,0.05,-1.07,844,-284,14952,0.05,-0.02,0.91,0.00,0.00,0.00,
LAIKA1,778.58,32.37,2167.61,-0.61,-0.11,-0.73,804,-244,15236,0.05,-0.01,0.93,0.00,0.00,0.00,
LAIKA1,778.77,33.68,2165.64,-0.79,0.14,-0.90,828,-192,15008,0.05,-0.01,0.92,0.00,0.00,0.00,
LAIKA1,778.83,34.45,2165.04,-0.71,0.08,-0.97,744,-232,15100,0.05,-0.01,0.92,0.00,0.00,0.00,
LAIKA1,778.84,34.97,2164.99,-0.69,-0.03,-0.92,800,-196,15164,0.05,-0.01,0.93,0.00,0.00,0.00,
LAIKA1,778.82,35.32,2165.16,-0.73,-0.11,-0.92,748,-220,15068LAIKA1,778.89,35.63,2164.47,-0.82,0.17,-0.72,808,-280,15008,0.05,-0.02,0.92,0.00,0.005,768,-216,15036,0.05,-0.01,0.92,0.00,0.00,0.00,
LAIKA1,778.79,36.46,2165.53,-0.68LAIKA1,778.88,36.96,2164.53,-0.79,0.15,-0.87,748,-208,14972,0.05,-0.01,0.91,0.00,0.0LAIKA1,778.81,37.19,2165.24,-0.63,-0.08,-1.10,820,-200,15248,0.05,-0.01,0.93,0.00,0.00,0.00,
LAIKA1,778.78,37.27,2165.61,-0.77,0.01,-0.76,836,-260,14912,0.05,-0.02,0.91,0.00,0.00,0.00,
LAIKA1,778.94,37.47,2163.99,-0.78,0.09,-1.08,744,-212,15156,0.05,-0.01,0.93,0.00,0.00,0.00,
LAIKA1,778.92,37.49,2164.17,-0.65,0.06,-0.80,848,-308,15068,0.05,-0.02,0.92,0.00,0.00,0.00,
LAIKA1,778.91,38.73,2164.29,-0.65,-0.03,-0.81,824,-244,15064,0.05,-0.01,0.92,0.00,0.00,0.00,
LAIKA1,778.92,38.76,2164.17,-0.63,0.00,-0.83,780,-180,15184,0.05,-0.01,0.93,0.00,0.00,0.00,
LAIKA1,778.72,38.60,2166.22,-0.73,0.08,-0.86,720,-192,15212,0.04,-0.01,0.93,0.00,0.00,0.00,
LAIKA1,778.76,38.65,2165.82,-0.73,-0.02,-0.92,840,-260,15160,0.05,-0.02,0.93,0.00,0.00,0.00,
LAIKA1,778.84,38.70,2165.02,-0.76,0.01,-0.77,768,-280,15092,0.05,-0.02,0.92,0.00,0.00,0.00,
LAIKA1,778.86,38.77,2164.73,-0.84,-0.02,-0.91,784,-188,15180,0.05,-0.01,0.93,0.00,0.00,0.00,
LAIKA1,778.90,38.82,2164.38,-0.61,0.03,-0.89,812,-216,15240,0.05,-0.01,0.93,0.00,0.00,0.00,
LAIKA1,778.91,38.85,2164.27,-0.73,-0.17,-0.82,716,-232,15120,0.04,-0.01,0.92,0.00,0.00,0.00,
LAIKA1,778.92,38.88,2164.11,-0.64,0.07,-0.95,808,-216,15232,0.05,-0.01,0.93,0.00,0.00,0.00,
LAIKA1,778.92,38.92,2164.17,-0.66,0.05,-0.89,804,-236,15072,0.05,-0.01,0.92,0.00,0.00,0.00,
LAIKA1,778.93,38.95,2164.03,-0.76,-0.11,-1.08,788,-240,15020,0.05,-0.01,0.92,0.00,0.00,0.00,
LAIKA1,778.94,38.98,2163.98,-0.62,-0.12,-1.04,780,-300,15244,0.05,-0.02,0.93,0.00,0.00,0.00,
LAIKA1,778.92,39.01,2164.12,-0.84,0.05,-0.76,808,-164,15236,0.05,-0.01,0.93,0.00,0.00,0.00,
LAIKA1,778.92,39.05,2166.23,-0.73,0.03,-1.06,672,-372,14956,0.04,-0.02,0.91,0.00,0.00,0.00,
LAIKA1,778.74,38.89,2165.98,-0.76,0.04,-1.03,772,-248,15196,0.05,-0.02,0.93,0.00,0.00,0.00,
LAIKA1,778.80,38.97,2165.39,-0.68,-0.08,-1.02,860,-252,15244,0.05,-0.02,0.93,0.00,0.00,0.00,
LAIKA1,778.85,39.00,2164.91,-0.78,-0.21,-0.99,760,-188,15160,0.05,-0.01,0.93,0.00,0.00,0.00,
LAIKA1,778.90,39.05,2164.37,-0.73,0.00,-0.82,796,-248,15128,0.05,-0.02,0.92,0.00,0.00,0.00,
LAIKA1,778.91,39.08,2164.25,-0.61,-0.06,-0.97,916,-188,15012,0.06,-0.01,0.92,0.00,0.00,0.00,
LAIKA1,778.92,39.10,2164.10,-0.70,0.06,-0.87,832,-200,15164,0.05,-0.01,0.93,0.00,0.00,0.00,
LAIKA1,778.90,39.16,2164.32,-0.77,-0.05,-0.98,828,-288,15092,0.05,-0.02,0.92,0.00,0.00,0.00,
LAIKA1,778.94,39.21,2163.91,-0.81,-0.05,-0.91,692,-284,15032,0.04,-0.02,0.92,0.00,0.00,0.00,
LAIKA1,778.89,39.21,2164.47,-0.69,0.17,-0.67,768,-216,15232,0.05,-0.01,0.93,0.00,0.00,0.00,
LAIKA1,778.94,39.26,2163.91,-0.83,0.05,-0.66,772,-308,15168,0.05,-0.02,0.93,0.00,0.00,0.00,
LAIKA1,778.88,39.26,2164.52,-0.68,-0.05,-0.87,844,-220,15080,0.05,-0.01,0.92,0.00,0.00,0.00,
LAIKA1,778.74,39.12,2165.96,-0.89,-0.14,-1.02,748,-268,15192,0.05,-0.02,0.93,0.00,0.00,0.00,
LAIKA1,778.78,39.17,2165.58,-0.76,0.01,-1.03,820,-300,15128,0.05,-0.02,0.92,0.00,0.00,0.00,
LAIKA1,778.85,39.22,2164.87,-0.64,-0.03,-0.84,780,-208,14992,0.05,-0.01,0.92,0.00,0.00,0.00,
LAIKA1,778.90,39.26,2164.33,-0.77,0.04,-0.77,800,-208,15140,0.05,-0.01,0.92,0.00,0.00,0.00,
LAIKA1,778.91,39.29,2164.29,-0.74,0.08,-0.89,844,-116,15024,0.05,-0.01,0.92,0.00,0.00,0.00,
LAIKA1,778.93,39.31,2164.05,-0.69,0.18,-1.00,776,-236,15048,0.05,-0.01,0.92,0.00,0.00,0.00,
LAIKA1,778.92,39.34,2164.17,-0.74,0.04,-0.89,840,-220,15108,0.05,-0.01,0.92,0.00,0.00,0.00,
LAIKA1,778.91,39.36,2164.25,-0.80,0.09,-0.69,808,-324,15128,0.05,-0.02,0.92,0.00,0.00,0.00,
LAIKA1,778.92,39.40,2164.12,-0.82,-0.03,-0.94,664,-260,15172,0.04,-0.02,0.93,0.00,0.00,0.00,
LAIKA1,778.93,39.42,2164.02,-0.71,0.01,-1.11,876,-244,15244,0.05,-0.01,0.93,0.00,0.00,0.00,
LAIKA1,778.94,39.45,2163.91,-0.69,-0.09,-0.95,820,-316,15016,0.05,-0.02,0.92,0.00,0.00,0.00,
LAIKA1,778.93,39.27,2166.04,-0.58,0.10,-0.86,692,-240,15148,0.04,-0.01,0.92,0.00,0.00,0.00,
LAIKA1,778.78,39.31,2165.56,-0.84,-0.10,-0.82,792,-252,15028,0.05,-0.02,0.92,0.00,0.00,0.00,
LAIKA1,778.83,39.36,2165.12,-0.84,-0.05,-0.88,836,-132,15160,0.05,-0.01,0.93,0.00,0.00,0.00,
LAIKA1,778.87,39.41,2164.65,-0.78,-0.08,-1.13,800,-308,15104,0.05,-0.02,0.92,0.00,0.00,0.00,
LAIKA1,778.91,39.46,2164.25,-0.73,0.08,-1.05,692,-216,15096,0.04,-0.01,0.92,0.00,0.00,0.00,
LAIKA1,778.92,39.49,2164.15,-0.73,-0.14,-1.17,816,-212,15076,0.05,-0.01,0.92,0.00,0.00,0.00,
LAIKA1,778.92,39.51,2164.13,-0.71,0.02,-0.94,880,-232,15248,0.05,-0.01,0.93,0.00,0.00,0.00,
LAIKA1,778.91,39.53,2164.25,-0.73,-0.03,-0.89,736,-236,15212,0.04,-0.01,0.93,0.00,0.00,0.00,
LAIKA1,778.93,39.56,2164.08,-0.63,0.04,-1.05,744,-192,15252,0.05,-0.01,0.93,0.00,0.00,0.00,
LAIKA1,778.93,39.59,2164.03,-0.82,-0.11,-0.72,800,-260,15180,0.05,-0.02,0.93,0.00,0.00,0.00,
LAIKA1,778.93,39.61,2164.00,-0.77,0.14,-0.78,796,-268,15144,0.05,-0.02,0.92,0.00,0.00,0.00,
LAIKA1,778.89,39.65,2164.45,-0.71,-0.04,-0.92,696,-232,15052,0.04,-0.01,0.92,0.00,0.00,0.00,
LAIKA1,778.73,39.47,2166.05,-0.70,0.08,-0.82,812,-256,15008,0.05,-0.02,0.92,0.00,0.00,0.00,
LAIKA1,778.78,39.52,2165.57,-0.68,0.05,-0.91,760,-220,15024,0.05,-0.01,0.92,0.00,0.00,0.00,
LAIKA1,778.84,39.57,2165.00,-0.62,-0.01,-0.95,796,-252,15180,0.05,-0.02,0.93,0.00,0.00,0.00,
LAIKA1,778.89,39.61,2164.47,-0.89,0.14,-0.95,800,-280,15184,0.05,-0.02,0.93,0.00,0.00,0.00,
LAIKA1,778.89,39.64,2164.45,-0.80,0.04,-0.85,796,-132,15036,0.05,-0.01,0.92,0.00,0.00,0.00,
LAIKA1,778.89,39.66,2164.43,-0.68,0.09,-0.99,828,-224,15320,0.05,-0.01,0.94,0.00,0.00,0.00,
LAIKA1,778.91,39.69,2164.25,-0.63,0.15,-0.92,828,-132,15104,0.05,-0.01,0.92,0.00,0.00,0.00,
LAIKA1,778.92,39.71,2164.18,-0.76,0.03,-0.97,812,-268,15084,0.05,-0.02,0.92,0.00,0.00,0.00,
LAIKA1,778.90,39.74,2164.38,-0.65,-0.02,-0.91,884,-340,15096,0.05,-0.02,0.92,0.00,0.00,0.00,
LAIKA1,778.92,39.76,2164.18,-0.74,-0.10,-0.97,824,-128,15052,0.05,-0.01,0.92,0.00,0.00,0.00,
LAIKA1,778.91,39.78,2164.20,-0.68,-0.12,-1.09,756,-304,15020,0.05,-0.02,0.92,0.00,0.00,0.00,
LAIKA1,778.92,39.60,2166.22,-0.70,0.11,-0.89,808,-256,15088,0.05,-0.02,0.92,0.00,0.00,0.00,
LAIKA1,778.75,39.64,2165.87,-0.76,0.05,-0.97,856,-352,15144,0.05,-0.02,0.92,0.00,0.00,0.00,
LAIKA1,778.80,39.68,2165.38,-0.81,-0.14,-1.12,752,-340,15140,0.05,-0.02,0.92,0.00,0.00,0.00,
LAIKA1,778.83,39.72,2165.08,-0.85,-0.19,-0.84,748,-368,15128,0.05,-0.02,0.92,0.00,0.00,0.00,
LAIKA1,778.88,39.77,2164.60,-0.66,-0.07,-0.92,856,-288,15212,0.05,-0.02,0.93,0.00,0.00,0.00,
LAIKA1,778.91,39.80,2164.29,-0.81,-0.11,-0.82,748,-196,15132,0.05,-0.01,0.92,0.00,0.00,0.00,
LAIKA1,778.92,39.82,2164.12,-0.91,-0.02,-0.79,756,-260,15044,0.05,-0.02,0.92,0.00,0.00,0.00,
LAIKA1,778.92,39.85,2164.12,-0.74,-0.07,-0.81,844,-212,15096,0.05,-0.01,0.92,0.00,0.00,0.00,
LAIKA1,778.95,39.87,2163.87,-0.82,-0.07,-0.95,852,-412,15120,0.05,-0.03,0.92,0.00,0.00,0.00,
LAIKA1,778.93,39.90,2164.00,-0.69,0.15,-1.03,676,-208,15000,0.04,-0.01,0.92,0.00,0.00,0.00,
LAIKA1,778.92,39.93,2164.13,-0.75,-0.13,-0.80,736,-236,15128,0.04,-0.01,0.92,0.00,0.00,0.00,
LAIKA1,778.95,39.95,2163.81,-0.71,0.04,-0.78,872,-204,14856,0.05,-0.01,0.91,0.00,0.00,0.00,
LAIKA1,778.76,39.77,2165.76,-0.75,-0.02,-0.87,756,-300,15168,0.05,-0.02,0.93,0.00,0.00,0.00,
LAIKA1,778.81,39.81,2165.26,-0.73,-0.06,-0.84,788,-280,15088,0.05,-0.02,0.92,0.00,0.00,0.00,
LAIKA1,778.84,39.85,2164.96,-0.80,-0.13,-0.77,824,-232,15112,0.05,-0.01,0.92,0.00,0.00,0.00,
LAIKA1,778.91,39.90,2164.27,-0.85,-0.01,-0.89,700,-236,14844,0.04,-0.01,0.91,0.00,0.00,0.00,
LAIKA1,778.92,39.94,2164.10,-0.79,0.04,-0.93,780,-188,15036,0.05,-0.01,0.92,0.00,0.00,0.00,
LAIKA1,778.93,39.95,2164.08,-0.69,-0.02,-0.96,840,-248,15132,0.05,-0.02,0.92,0.00,0.00,0.00,
LAIKA1,778.93,39.97,2164.04,-0.84,0.04,-0.88,700,-224,15112,0.04,-0.01,0.92,0.00,0.00,0.00,
LAIKA1,778.90,39.99,2164.38,-0.71,-0.05,-0.76,848,-236,15112,0.05,-0.01,0.92,0.00,0.00,0.00,
LAIKA1,778.92,40.01,2164.13,-0.84,0.08,-0.91,804,-244,15172,0.05,-0.01,0.93,0.00,0.00,0.00,
LAIKA1,778.90,40.03,2164.38,-0.78,-0.17,-0.84,692,-236,15268,0.04,-0.01,0.93,0.00,0.00,0.00,
LAIKA1,778.91,40.07,2164.23,-0.79,0.05,-0.92,812,-144,15012,0.05,-0.01,0.92,0.00,0.00,0.00,
LAIKA1,778.95,39.88,2166.32,-0.84,-0.01,-0.77,792,-288,15160,0.05,-0.02,0.93,0.00,0.00,0.00,
LAIKA1,778.76,39.91,2165.79,-0.91,0.09,-0.82,692,-292,15200,0.04,-0.02,0.93,0.00,0.00,0.00,
LAIKA1,778.81,39.95,2165.23,-0.79,-0.05,-0.96,800,-328,15140,0.05,-0.02,0.92,0.00,0.00,0.00,
LAIKA1,778.85,39.99,2164.84,-0.78,-0.11,-0.84,820,-236,15096,0.05,-0.01,0.92,0.00,0.00,0.00,
LAIKA1,778.91,40.03,2164.29,-0.73,-0.06,-0.85,784,-224,15080,0.05,-0.01,0.92,0.00,0.00,0.00,
LAIKA1,778.90,40.06,2164.32,-0.68,-0.08,-0.75,776,-180,14964,0.05,-0.01,0.91,0.00,0.00,0.00,
LAIKA1,778.90,40.07,2164.39,-0.65,-0.03,-0.89,836,-252,15120,0.05,-0.02,0.92,0.00,0.00,0.00,
LAIKA1,778.91,40.10,2164.24,-0.79,-0.08,-0.95,732,-248,15152,0.04,-0.02,0.92,0.00,0.00,0.00,
LAIKA1,778.92,40.13,2164.12,-0.82,-0.05,-0.91,808,-124,15092,0.05,-0.01,0.92,0.00,0.00,0.00,
LAIKA1,778.93,40.15,2164.00,-0.78,-0.03,-0.89,796,-148,15168,0.05,-0.01,0.93,0.00,0.00,0.00,
LAIKA1,778.93,40.19,2164.09,-0.83,0.02,-0.93,868,-136,15036,0.05,-0.01,0.92,0.00,0.00,0.00,
LAIKA1,778.92,40.21,2163.76,-0.76,-0.06,-0.84,724,-312,15100,0.04,-0.02,0.92,0.00,0.00,0.00,
LAIKA1,778.77,40.01,2165.67,-0.88,-0.22,-0.98,752,-228,15084,0.05,-0.01,0.92,0.00,0.00,0.00,
LAIKA1,778.81,40.05,2165.27,-0.69,-0.06,-1.08,768,-292,15120,0.05,-0.02,0.92,0.00,0.00,0.00,
LAIKA1,778.86,40.10,2164.75,-0.70,-0.06,-0.86,692,-216,15116,0.04,-0.01,0.92,0.00,0.00,0.00,
LAIKA1,778.93,40.15,2164.02,-0.63,0.05,-0.90,744,-348,15088,0.05,-0.02,0.92,0.00,0.00,0.00,
LAIKA1,778.93,40.16,2164.02,-0.86,0.10,-0.87,796,-236,15124,0.05,-0.01,0.92,0.00,0.00,0.00,
LAIKA1,778.95,40.22,2163.87,-0.71,-0.08,-0.92,732,-296,15044,0.04,-0.02,0.92,0.00,0.00,0.00,
LAIKA1,778.93,40.21,2163.99,-0.67,0.08,-0.86,868,-212,15108,0.05,-0.01,0.92,0.00,0.00,0.00,
LAIKA1,778.94,40.24,2163.95,-0.76,-0.04,-0.87,864,-348,15180,0.05,-0.02,0.93,0.00,0.00,0.00,
LAIKA1,778.92,40.26,2164.17,-0.71,0.02,-0.95,836,-184,15044,0.05,-0.01,0.92,0.00,0.00,0.00,
LAIKA1,778.92,40.27,2164.09,-0.75,0.13,-0.98,852,-236,15120,0.05,-0.01,0.92,0.00,0.00,0.00,
LAIKA1,778.91,40.28,2164.20,-0.92,0.02,-1.02,744,-324,15124,0.05,-0.02,0.92,0.00,0.00,0.00,
LAIKA1,778.72,40.09,2166.22,-0.79,-0.01,-0.90,876,-208,15056,0.05,-0.01,0.92,0.00,0.00,0.00,
LAIKA1,778.78,40.13,2165.58,-0.69,0.04,-0.88,768,-276,15112,0.05,-0.02,0.92,0.00,0.00,0.00,
LAIKA1,778.86,40.17,2164.78,-0.84,0.03,-0.92,744,-332,15220,0.05,-0.02,0.93,0.00,0.00,0.00,
LAIKA1,778.87,40.22,2164.64,-0.82,-0.08,-0.85,704,-288,15176,0.04,-0.02,0.93,0.00,0.00,0.00,
LAIKA1,778.91,40.24,2164.20,-0.66,-0.02,-0.69,672,-200,15092,0.04,-0.01,0.92,0.00,0.00,0.00,
LAIKA1,778.93,40.28,2164.08,-0.86,0.16,-1.21,812,-320,15032,0.05,-0.02,0.92,0.00,0.00,0.00,
LAIKA1,778.90,40.30,2164.33,-0.85,-0.06,-0.69,820,-232,15144,0.05,-0.01,0.92,0.00,0.00,0.00,
LAIKA1,778.90,40.31,2164.31,-0.80,0.05,-0.82,692,-188,15228,0.04,-0.01,0.93,0.00,0.00,0.00,
LAIKA1,778.90,40.32,2164.32,-0.69,-0.05,-1.02,728,-160,14976,0.04,-0.01,0.91,0.00,0.00,0.00,
LAIKA1,778.90,40.33,2164.39,-0.78,-0.08,-0.68,684,-280,15168,0.04,-0.02,0.93,0.00,0.00,0.00,
LAIKA1,778.91,40.36,2164.21,-0.80,0.02,-0.85,752,-232,15068,0.05,-0.01,0.92,0.00,0.00,0.00,
LAIKA1,778.93,40.37,2164.04,-0.79,-0.04,-1.02,800,-292,15008,0.05,-0.02,0.92,0.00,0.00,0.00,
LAIKA1,778.78,40.20,2165.59,-0.79,-0.02,-1.00,756,-244,15204,0.05,-0.01,0.93,0.00,0.00,0.00,
LAIKA1,778.82,40.24,2165.21,-1.02,-0.02,-0.99,804,-280,15016,0.05,-0.02,0.92,0.00,0.00,0.00,
LAIKA1,778.84,40.28,2164.95,-0.89,-0.13,-0.98,892,-176,15032,0.05,-0.01,0.92,0.00,0.00,0.00,
LAIKA1,778.92,40.32,2164.18,-0.85,0.01,-0.82,776,-292,15144,0.05,-0.02,0.92,0.00,0.00,0.00,
LAIKA1,778.91,40.34,2164.25,-0.89,0.12,-0.87,804,-296,15188,0.05,-0.02,0.93,0.00,0.00,0.00,
LAIKA1,778.92,40.35,2164.15,-0.82,0.01,-1.15,708,-272,15072,0.04,-0.02,0.92,0.00,0.00,0.00,
LAIKA1,778.89,40.37,2164.49,-0.85,-0.09,-1.18,760,-296,14988,0.05,-0.02,0.91,0.00,0.00,0.00,
LAIKA1,778.91,40.38,2164.21,-0.72,-0.06,-0.95,772,-264,15056,0.05,-0.02,0.92,0.00,0.00,0.00,
LAIKA1,778.88,40.40,2164.56,-0.61,0.31,-1.00,756,-248,15084,0.05,-0.02,0.92,0.00,0.00,0.00,
LAIKA1,778.89,40.43,2164.47,-0.88,0.00,-0.85,764,-268,15156,0.05,-0.02,0.93,0.00,0.00,0.00,
LAIKA1,778.87,40.44,2164.68,-0.60,0.14,-1.05,788,-312,14968,0.05,-0.02,0.91,0.00,0.00,0.00,
LAIKA1,778.95,40.25,2166.26,-0.66,-0.07,-0.76,716,-320,15212,0.04,-0.02,0.93,0.00,0.00,0.00,
LAIKA1,778.78,40.29,2165.63,-0.70,-0.02,-0.86,792,-196,15188,0.05,-0.01,0.93,0.00,0.00,0.00,
LAIKA1,778.80,40.32,2165.33,-0.84,0.13,-0.83,836,-200,15064,0.05,-0.01,0.92,0.00,0.00,0.00,
LAIKA1,778.82,40.38,2165.16,-0.84,0.03,-0.89,768,-248,15080,0.05,-0.02,0.92,0.00,0.00,0.00,
LAIKA1,778.87,40.41,2164.70,-0.79,0.01,-0.76,892,-224,15040,0.05,-0.01,0.92,0.00,0.00,0.00,
LAIKA1,778.88,40.42,2164.53,-0.76,0.00,-0.85,864,-356,15032,0.05,-0.02,0.92,0.00,0.00,0.00,
LAIKA1,778.89,40.43,2164.47,-0.95,0.05,-0.82,748,-268,14992,0.05,-0.02,0.92,0.00,0.00,0.00,
LAIKA1,778.89,40.45,2164.41,-0.80,0.04,-0.76,836,-248,15176,0.05,-0.02,0.93,0.00,0.00,0.00,
LAIKA1,778.88,40.47,2164.55,-0.76,-0.02,-0.76,764,-224,15076,0.05,-0.01,0.92,0.00,0.00,0.00,
LAIKA1,778.88,40.49,2164.53,-0.92,0.02,-0.79,804,-208,15056,0.05,-0.01,0.92,0.00,0.00,0.00,
LAIKA1,778.87,40.50,2164.64,-0.65,0.07,-0.92,736,-260,15100,0.04,-0.02,0.92,0.00,0.00,0.00,
LAIKA1,778.88,40.55,2164.57,-0.74,0.04,-0.91,684,-260,15088,0.04,-0.02,0.92,0.00,0.00,0.00,
LAIKA1,778.88,40.55,2166.39,-0.76,-0.07,-0.80,836,-180,15088,0.05,-0.01,0.92,0.00,0.00,0.00,
LAIKA1,778.76,40.36,2165.78,-0.70,-0.06,-0.83,716,-220,15040,0.04,-0.01,0.92,0.00,0.00,0.00,
LAIKA1,778.79,40.40,2165.52,-0.72,0.07,-0.94,820,-248,15108,0.05,-0.02,0.92,0.00,0.00,0.00,
LAIKA1,778.86,40.44,2164.75,-0.69,0.05,-0.92,816,-388,15148,0.05,-0.02,0.92,0.00,0.00,0.00,
LAIKA1,778.87,40.48,2164.64,-0.77,0.03,-0.91,844,-264,15212,0.05,-0.02,0.93,0.00,0.00,0.00,
LAIKA1,778.89,40.50,2164.45,-0.71,0.07,-0.96,792,-160,15192,0.05,-0.01,0.93,0.00,0.00,0.00,
LAIKA1,778.91,40.51,2164.26,-0.68,-0.22,-1.13,816,-376,15208,0.05,-0.02,0.93,0.00,0.00,0.00,
LAIKA1,778.89,40.52,2164.49,-0.92,0.05,-0.86,792,-312,15168,0.05,-0.02,0.93,0.00,0.00,0.00,
LAIKA1,778.90,40.54,2164.38,-0.82,-0.03,-0.99,828,-280,15104,0.05,-0.02,0.92,0.00,0.00,0.00,
LAIKA1,778.91,40.56,2164.27,-0.56,-0.05,-0.82,752,-304,15280,0.05,-0.02,0.93,0.00,0.00,0.00,
LAIKA1,778.89,40.57,2164.46,-0.80,-0.02,-0.85,776,-208,15132,0.05,-0.01,0.92,0.00,0.00,0.00,
LAIKA1,778.88,40.59,2164.54,-1.18,-0.25,-0.90,748,-236,15204,0.05,-0.01,0.93,0.00,0.00,0.00,
LAIKA1,778.69,40.40,2166.54,-0.76,0.00,-0.91,676,-332,15088,0.04,-0.02,0.92,0.00,0.00,0.00,
LAIKA1,778.75,40.44,2165.92,-0.71,0.03,-0.99,780,-260,15040,0.05,-0.02,0.92,0.00,0.00,0.00,
LAIKA1,778.78,40.48,2165.55,-0.85,-0.02,-0.95,848,-248,15012,0.05,-0.02,0.92,0.00,0.00,0.00,
LAIKA1,778.89,40.52,2164.43,-0.81,0.04,-1.07,748,-272,14992,0.05,-0.02,0.92,0.00,0.00,0.00,
LAIKA1,778.90,40.56,2164.40,-0.79,0.02,-0.92,780,-320,15272,0.05,-0.02,0.93,0.00,0.00,0.00,
LAIKA1,778.90,40.58,2164.30,-0.82,-0.02,-0.92,892,-252,15196,0.05,-0.02,0.93,0.00,0.00,0.00,
LAIKA1,778.90,40.61,2164.32,-0.45,0.30,-1.07,940,-236,14852,0.06,-0.01,0.91,0.00,0.00,0.00,
LAIKA1,778.89,40.62,2164.50,-0.96,-0.02,-0.92,808,-264,15156,0.05,-0.02,0.93,0.00,0.00,0.00,
LAIKA1,778.88,40.62,2164.56,-0.82,0.07,-0.92,844,-308,15108,0.05,-0.02,0.92,0.00,0.00,0.00,
LAIKA1,778.89,40.64,2164.41,-0.60,-0.17,-0.82,624,-192,15176,0.04,-0.01,0.93,0.00,0.00,0.00,
LAIKA1,778.91,40.65,2164.21,-0.79,-0.24,-1.03,772,-120,15076,0.05,-0.01,0.92,0.00,0.00,0.00,
LAIKA1,778.89,40.69,2164.43,-0.69,0.09,-0.76,812,-288,15176,0.05,-0.02,0.93,0.00,0.00,0.00,
LAIKA1,778.73,40.51,2166.14,-0.66,-0.01,-0.83,712,-224,15136,0.04,-0.01,0.92,0.00,0.00,0.00,
LAIKA1,778.79,40.55,2165.45,-0.82,0.12,-0.82,780,-260,15184,0.05,-0.02,0.93,0.00,0.00,0.00,
LAIKA1,778.84,40.60,2164.99,-0.87,-0.05,-0.99,812,-232,15144,0.05,-0.01,0.92,0.00,0.00,0.00,
LAIKA1,778.88,40.63,2164.55,-0.60,0.21,-0.79,792,-188,15096,0.05,-0.01,0.92,0.00,0.00,0.00,
LAIKA1,778.91,40.65,2164.26,-0.85,0.09,-0.81,788,-264,15096,0.05,-0.02,0.92,0.00,0.00,0.00,
LAIKA1,778.91,40.67,2164.21,-0.82,0.16,-0.78,796,-308,15156,0.05,-0.02,0.93,0.00,0.00,0.00,
LAIKA1,778.89,40.69,2164.42,-0.56,0.09,-0.91,792,-376,15096,0.05,-0.02,0.92,0.00,0.00,0.00,
LAIKA1,778.91,40.70,2164.28,-0.89,-0.16,-0.95,796,-188,15044,0.05,-0.01,0.92,0.00,0.00,0.00,
LAIKA1,778.91,40.69,2164.23,-0.93,-0.05,-0.93,784,-228,15148,0.05,-0.01,0.92,0.00,0.00,0.00,
LAIKA1,778.92,40.71,2164.14,-0.80,-0.09,-0.89,892,-256,14900,0.05,-0.02,0.91,0.00,0.00,0.00,
LAIKA1,778.92,40.72,2164.19,-0.76,0.02,-1.05,828,-228,15144,0.05,-0.01,0.92,0.00,0.00,0.00,
LAIKA1,778.94,40.75,2163.96,-0.80,-0.13,-0.86,856,-272,15072,0.05,-0.02,0.92,0.00,0.00,0.00,
LAIKA1,778.73,40.56,2166.13,-0.79,-0.05,-0.65,784,-308,15148,0.05,-0.02,0.92,0.00,0.00,0.00,
LAIKA1,778.79,40.59,2165.52,-0.79,0.02,-0.86,752,-296,15104,0.05,-0.02,0.92,0.00,0.00,0.00,
LAIKA1,778.85,40.62,2164.87,-0.67,-0.12,-0.70,708,-224,15236,0.04,-0.01,0.93,0.00,0.00,0.00,
LAIKA1,778.86,40.68,2164.78,-0.50,-0.22,-0.92,848,-268,15464,0.05,-0.02,0.94,0.00,0.00,0.00,
LAIKA1,778.90,40.69,2164.33,-0.78,0.03,-0.98,828,-224,15180,0.05,-0.01,0.93,0.00,0.00,0.00,
LAIKA1,778.91,40.71,2164.29,-0.73,-0.02,-1.11,804,-276,15156,0.05,-0.02,0.93,0.00,0.00,0.00,
LAIKA1,778.90,40.73,2164.31,-0.73,-0.05,-0.97,656,-312,15156,0.04,-0.02,0.93,0.00,0.00,0.00,
LAIKA1,778.91,40.73,2164.29,-0.72,-0.09,-1.00,800,-260,15360,0.05,-0.02,0.94,0.00,0.00,0.00,
LAIKA1,778.91,40.74,2164.20,-0.79,-0.06,-1.02,812,-272,15140,0.05,-0.02,0.92,0.00,0.00,0.00,
LAIKA1,778.94,40.76,2163.95,-0.88,0.06,-0.79,824,-156,15128,0.05,-0.01,0.92,0.00,0.00,0.00,
LAIKA1,778.91,40.78,2164.23,-0.78,-0.40,-0.91,1104,-504,15028,0.07,-0.03,0.92,0.00,0.00,0.00,
LAIKA1,778.73,40.58,2166.14,-0.85,0.11,-0.82,736,-200,15184,0.04,-0.01,0.93,0.00,0.00,0.00,
LAIKA1,778.81,40.62,2165.28,-0.78,-0.01,-0.89,992,-260,15156,0.06,-0.02,0.93,0.00,0.00,0.00,
LAIKA1,778.83,40.65,2165.07,-0.94,0.00,-0.81,772,-264,15132,0.05,-0.02,0.92,0.00,0.00,0.00,
LAIKA1,778.87,40.69,2164.68,-0.73,0.08,-0.97,768,-184,15148,0.05,-0.01,0.92,0.00,0.00,0.00,
LAIKA1,778.90,40.72,2164.34,-0.76,0.13,-0.84,900,-184,14944,0.05,-0.01,0.91,0.00,0.00,0.00,
LAIKA1,778.90,40.73,2164.37,-0.79,-0.15,-0.92,864,-92,15144,0.05,-0.01,0.92,0.00,0.00,0.00,
LAIKA1,778.94,40.75,2163.98,-0.51,0.19,-1.10,792,-188,15100,0.05,-0.01,0.92,0.00,0.00,0.00,
LAIKA1,778.94,40.76,2163.99,-0.85,0.05,-0.76,720,-240,15080,0.04,-0.01,0.92,0.00,0.00,0.00,
LAIKA1,778.92,40.78,2164.14,-0.86,0.00,-1.03,768,-340,15196,0.05,-0.02,0.93,0.00,0.00,0.00,
LAIKA1,778.91,40.79,2164.26,-0.88,-0.06,-0.93,796,-208,15040,0.05,-0.01,0.92,0.00,0.00,0.00,
LAIKA1,778.93,40.82,2164.01,-0.80,-0.02,-0.83,732,-200,15172,0.04,-0.01,0.93,0.00,0.00,0.00,
LAIKA1,778.89,40.84,2164.46,-0.76,-0.02,-0.83,868,-204,15100,0.05,-0.01,0.92,0.00,0.00,0.00,
LAIKA1,778.75,40.64,2165.87,-0.87,0.13,-0.95,844,-224,15096,0.05,-0.01,0.92,0.00,0.00,0.00,
LAIKA1,778.79,40.67,2165.45,-0.87,-0.14,-0.75,816,-324,15184,0.05,-0.02,0.93,0.00,0.00,0.00,
LAIKA1,778.81,40.71,2165.31,-0.79,0.02,-0.83,784,-196,15080,0.05,-0.01,0.92,0.00,0.00,0.00,
LAIKA1,778.87,40.74,2164.65,-0.79,0.00,-0.82,772,-264,15016,0.05,-0.02,0.92,0.00,0.00,0.00,
LAIKA1,778.91,40.77,2164.24,-0.69,-0.06,-0.95,804,-260,15040,0.05,-0.02,0.92,0.00,0.00,0.00,
LAIKA1,778.89,40.79,2164.40,-0.87,-0.02,-0.85,804,-272,15140,0.05,-0.02,0.92,0.00,0.00,0.00,
LAIKA1,778.90,40.81,2164.37,-0.89,-0.01,-0.89,844,-228,15064,0.05,-0.01,0.92,0.00,0.00,0.00,
LAIKA1,778.93,40.82,2163.99,-0.83,0.12,-0.99,820,-304,15200,0.05,-0.02,0.93,0.00,0.00,0.00,
LAIKA1,778.91,40.84,2164.19,-0.82,0.07,-0.89,776,-340,15140,0.05,-0.02,0.92,0.00,0.00,0.00,
LAIKA1,778.91,40.85,2164.20,-0.67,-0.03,-0.83,824,-260,15108,0.05,-0.02,0.92,0.00,0.00,0.00,
LAIKA1,778.94,40.86,2163.96,-0.68,-0.12,-0.85,884,-232,15088,0.05,-0.01,0.92,0.00,0.00,0.00,
LAIKA1,778.93,40.88,2164.07,-0.89,0.02,-0.85,760,-272,15208,0.05,-0.02,0.93,0.00,0.00,0.00,
LAIKA1,778.75,40.69,2165.94,-0.86,0.05,-0.89,824,-272,15040,0.05,-0.02,0.92,0.00,0.00,0.00,
LAIKA1,778.77,40.72,2165.69,-0.81,0.01,-0.79,848,-324,15120,0.05,-0.02,0.92,0.00,0.00,0.00,
LAIKA1,778.83,40.76,2165.07,-0.69,0.08,-1.00,788,-212,14996,0.05,-0.01,0.92,0.00,0.00,0.00,
LAIKA1,778.85,40.79,2164.89,-0.78,-0.05,-1.02,776,-236,15148,0.05,-0.01,0.92,0.00,0.00,0.00,
LAIKA1,778.91,40.83,2164.21,-0.87,0.00,-0.62,716,-332,15068,0.04,-0.02,0.92,0.00,0.00,0.00,
LAIKA1,778.95,40.85,2163.85,-0.65,-0.08,-0.98,860,-220,15172,0.05,-0.01,0.93,0.00,0.00,0.00,
LAIKA1,778.93,40.86,2164.02,-0.68,-0.09,-0.85,800,-276,15200,0.05,-0.02,0.93,0.00,0.00,0.00,
LAIKA1,778.91,40.88,2164.22,-0.82,0.01,-0.80,704,-292,15008,0.04,-0.02,0.92,0.00,0.00,0.00,
LAIKA1,778.92,40.89,2164.13,-0.79,-0.01,-0.96,852,-224,15180,0.05,-0.01,0.93,0.00,0.00,0.00,
LAIKA1,778.91,40.91,2164.26,-0.69,-0.25,-0.95,820,-300,15100,0.05,-0.02,0.92,0.00,0.00,0.00,
LAIKA1,778.92,40.91,2164.13,-0.72,0.05,-0.90,772,-348,15124,0.05,-0.02,0.92,0.00,0.00,0.00,
LAIKA1,778.90,40.93,2164.30,-0.93,0.00,-0.86,740,-212,15164,0.05,-0.01,0.93,0.00,0.00,0.00,
LAIKA1,778.74,40.74,2166.03,-0.79,0.12,-0.81,772,-224,15112,0.05,-0.01,0.92,0.00,0.00,0.00,
LAIKA1,778.79,40.77,2165.45,-0.86,-0.03,-0.94,780,-252,15064,0.05,-0.02,0.92,0.00,0.00,0.00,
LAIKA1,778.82,40.81,2165.14,-0.96,0.07,-0.91,784,-228,15096,0.05,-0.01,0.92,0.00,0.00,0.00,
LAIKA1,778.85,40.84,2164.83,-0.79,-0.05,-1.03,860,-244,15280,0.05,-0.01,0.93,0.00,0.00,0.00,
LAIKA1,778.91,40.87,2164.27,-0.83,0.09,-0.69,768,-252,15072,0.05,-0.02,0.92,0.00,0.00,0.00,
LAIKA1,778.90,40.89,2164.40,-0.82,-0.21,-0.77,736,-336,15096,0.04,-0.02,0.92,0.00,0.00,0.00,
LAIKA1,778.92,40.90,2164.09,-0.72,-0.16,-1.08,788,-252,15140,0.05,-0.02,0.92,0.00,0.00,0.00,
LAIKA1,778.90,40.91,2164.32,-0.82,0.00,-0.92,772,-188,15104,0.05,-0.01,0.92,0.00,0.00,0.00,
LAIKA1,778.92,40.93,2164.15,-0.97,0.05,-0.88,736,-288,15160,0.04,-0.02,0.93,0.00,0.00,0.00,
LAIKA1,778.94,40.94,2163.95,-0.68,-0.04,-0.93,776,-296,15204,0.05,-0.02,0.93,0.00,0.00,0.00,
LAIKA1,778.91,40.95,2164.24,-0.67,-0.08,-0.91,740,-292,15260,0.05,-0.02,0.93,0.00,0.00,0.00,
LAIKA1,778.92,40.96,2164.17,-0.78,-0.09,-1.02,712,-236,15156,0.04,-0.01,0.93,0.00,0.00,0.00,
LAIKA1,778.74,40.78,2166.01,-0.76,0.06,-0.92,752,-276,15052,0.05,-0.02,0.92,0.00,0.00,0.00,
LAIKA1,778.77,40.82,2165.72,-0.69,0.09,-0.82,760,-336,15204,0.05,-0.02,0.93,0.00,0.00,0.00,
LAIKA1,778.82,40.86,2165.21,-0.71,0.14,-0.89,780,-268,15056,0.05,-0.02,0.92,0.00,0.00,0.00,
LAIKA1,778.84,40.89,2164.96,-0.76,0.08,-0.81,828,-264,15080,0.05,-0.02,0.92,0.00,0.00,0.00,
LAIKA1,778.88,40.92,2164.57,-0.90,-0.03,-0.72,808,-292,15168,0.05,-0.02,0.93,0.00,0.00,0.00,
LAIKA1,778.93,40.93,2164.01,-0.89,-0.02,-0.85,764,-276,15008,0.05,-0.02,0.92,0.00,0.00,0.00,
LAIKA1,778.92,40.95,2164.10,-0.79,0.15,-0.75,844,-188,15260,0.05,-0.01,0.93,0.00,0.00,0.00,
LAIKA1,778.92,40.98,2164.15,-0.98,0.17,-0.85,748,-256,15092,0.05,-0.02,0.92,0.00,0.00,0.00,
LAIKA1,778.90,40.98,2164.39,-0.90,0.16,-0.79,876,-220,15128,0.05,-0.01,0.92,0.00,0.00,0.00,
LAIKA1,778.91,40.98,2164.24,-0.74,0.00,-0.89,768,-344,15220,0.05,-0.02,0.93,0.00,0.00,0.00,
LAIKA1,778.94,41.00,2163.98,-0.76,0.09,-0.73,816,-232,15004,0.05,-0.01,0.92,0.00,0.00,0.00,
LAIKA1,778.90,41.02,2164.34,-0.85,-0.02,-0.95,776,-216,15112,0.05,-0.01,0.92,0.00,0.00,0.00,
LAIKA1,778.70,40.83,2166.39,-0.74,-0.02,-0.95,832,-284,15156,0.05,-0.02,0.93,0.00,0.00,0.00,
LAIKA1,778.77,40.86,2165.68,-0.84,-0.10,-0.98,668,-236,15092,0.04,-0.01,0.92,0.00,0.00,0.00,
LAIKA1,778.82,40.89,2165.17,-0.83,0.08,-0.91,804,-224,15092,0.05,-0.01,0.92,0.00,0.00,0.00,
LAIKA1,778.86,40.94,2164.75,-0.86,-0.08,-0.79,816,-160,15204,0.05,-0.01,0.93,0.00,0.00,0.00,
LAIKA1,778.89,40.97,2164.45,-0.56,0.10,-0.94,752,-276,15020,0.05,-0.02,0.92,0.00,0.00,0.00,
LAIKA1,778.89,40.98,2164.46,-0.76,-0.15,-0.88,900,-272,15088,0.05,-0.02,0.92,0.00,0.00,0.00,
LAIKA1,778.92,40.98,2164.17,-0.87,-0.02,-0.61,840,-220,15180,0.05,-0.01,0.93,0.00,0.00,0.00,
LAIKA1,778.91,41.00,2164.26,-0.66,0.08,-1.05,744,-268,15136,0.05,-0.02,0.92,0.00,0.00,0.00,
LAIKA1,778.92,41.02,2164.16,-0.86,-0.01,-0.74,908,-200,15204,0.06,-0.01,0.93,0.00,0.00,0.00,
LAIKA1,778.92,41.03,2164.15,-0.88,-0.02,-0.97,852,-200,15392,0.05,-0.01,0.94,0.00,0.00,0.00,
LAIKA1,778.91,41.05,2164.24,-0.75,-0.07,-1.06,756,-336,15112,0.05,-0.02,0.92,0.00,0.00,0.00,
LAIKA1,778.94,41.07,2163.89,-0.85,0.02,-0.95,820,-256,15116,0.05,-0.02,0.92,0.00,0.00,0.00,
LAIKA1,778.74,40.88,2165.97,-0.72,-0.04,-0.87,692,-272,15084,0.04,-0.02,0.92,0.00,0.00,0.00,
LAIKA1,778.78,40.91,2165.61,-0.66,-0.03,-0.92,892,-260,15144,0.05,-0.02,0.92,0.00,0.00,0.00,
LAIKA1,778.82,40.94,2165.13,-0.73,0.05,-0.95,904,-360,15032,0.06,-0.02,0.92,0.00,0.00,0.00,
LAIKA1,778.89,40.98,2164.48,-0.66,-0.09,-0.78,764,-220,15140,0.05,-0.01,0.92,0.00,0.00,0.00,
LAIKA1,778.93,41.01,2164.08,-0.68,0.16,-0.95,852,-248,15056,0.05,-0.02,0.92,0.00,0.00,0.00,
LAIKA1,778.94,41.03,2163.90,-0.73,0.15,-0.98,708,-156,15100,0.04,-0.01,0.92,0.00,0.00,0.00,
LAIKA1,778.95,41.04,2163.88,-0.73,-0.01,-0.78,744,-300,15108,0.05,-0.02,0.92,0.00,0.00,0.00,
LAIKA1,778.91,41.05,2164.24,-0.76,-0.02,-0.92,784,-200,15148,0.05,-0.01,0.92,0.00,0.00,0.00,
LAIKA1,778.92,41.06,2164.19,-0.70,0.02,-0.95,920,-228,15128,0.06,-0.01,0.92,0.00,0.00,0.00,
LAIKA1,778.93,41.08,2164.05,-0.72,-0.17,-0.98,748,-248,15048,0.05,-0.02,0.92,0.00,0.00,0.00,
LAIKA1,778.91,41.10,2164.28,-0.94,-0.24,-0.85,636,-380,15400,0.04,-0.02,0.94,0.00,0.00,0.00,
LAIKA1,778.89,41.14,2164.46,-0.80,-0.15,-0.94,840,-288,15076,0.05,-0.02,0.92,0.00,0.00,0.00,
LAIKA1,778.74,40.93,2166.00,-0.94,-0.07,-1.00,808,-136,14928,0.05,-0.01,0.91,0.00,0.00,0.00,
LAIKA1,778.79,40.95,2165.51,-0.69,0.17,-0.79,784,-260,15016,0.05,-0.02,0.92,0.00,0.00,0.00,
LAIKA1,778.87,40.99,2164.62,-0.71,0.95,-0.84,1064,-204,14436,0.06,-0.01,0.88,0.00,0.00,0.00,
LAIKA1,778.84,41.01,2164.95,-0.73,0.05,-0.78,804,-164,15196,0.05,-0.01,0.93,0.00,0.00,0.00,
LAIKA1,778.88,41.04,2164.51,-0.76,0.06,-0.85,736,-260,15020,0.04,-0.02,0.92,0.00,0.00,0.00,
LAIKA1,778.91,41.05,2164.22,-0.72,-0.05,-0.82,756,-292,15108,0.05,-0.02,0.92,0.00,0.00,0.00,
LAIKA1,778.93,41.06,2164.02,-0.89,0.02,-0.71,808,-248,14884,0.05,-0.02,0.91,0.00,0.00,0.00,
LAIKA1,778.93,41.08,2164.01,-0.85,-0.13,-0.91,776,-152,15044,0.05,-0.01,0.92,0.00,0.00,0.00,
LAIKA1,778.92,41.09,2164.11,-0.92,-0.08,-1.11,808,-164,15152,0.05,-0.01,0.92,0.00,0.00,0.00,
LAIKA1,778.88,41.10,2164.54,-0.69,0.01,-0.94,716,-272,15024,0.04,-0.02,0.92,0.00,0.00,0.00,
LAIKA1,778.90,41.12,2164.38,-0.67,0.16,-0.90,900,-156,15136,0.05,-0.01,0.92,0.00,0.00,0.00,
LAIKA1,778.89,41.14,2164.46,-0.79,-0.06,-0.88,852,-260,15132,0.05,-0.02,0.92,0.00,0.00,0.00,
LAIKA1,778.72,40.94,2166.24,-0.95,0.19,-0.83,772,-228,14972,0.05,-0.01,0.91,0.00,0.00,0.00,
LAIKA1,778.78,40.97,2165.54,-0.88,0.04,-0.92,752,-292,15144,0.05,-0.02,0.92,0.00,0.00,0.00,
LAIKA1,778.81,41.00,2165.23,-0.83,0.07,-0.92,796,-268,15168,0.05,-0.02,0.93,0.00,0.00,0.00,
LAIKA1,778.88,41.04,2164.56,-0.91,-0.05,-0.92,844,-272,15116,0.05,-0.02,0.92,0.00,0.00,0.00,
LAIKA1,778.88,41.07,2164.52,-0.82,0.15,-0.73,812,-248,15056,0.05,-0.02,0.92,0.00,0.00,0.00,
LAIKA1,778.89,41.08,2164.44,-0.71,0.07,-0.98,740,-276,15148,0.05,-0.02,0.92,0.00,0.00,0.00,
LAIKA1,778.89,41.09,2164.42,-0.77,-0.06,-0.87,824,-248,15144,0.05,-0.02,0.92,0.00,0.00,0.00,
LAIKA1,778.92,41.10,2164.13,-0.92,0.02,-0.88,892,-240,15028,0.05,-0.01,0.92,0.00,0.00,0.00,
LAIKA1,778.87,41.11,2164.68,-0.84,-0.18,-1.05,812,-236,14976,0.05,-0.01,0.91,0.00,0.00,0.00,
LAIKA1,778.89,41.13,2164.41,-0.83,-0.08,-0.73,848,-224,15044,0.05,-0.01,0.92,0.00,0.00,0.00,
LAIKA1,778.91,41.14,2164.27,-0.82,0.08,-1.01,788,-180,15128,0.05,-0.01,0.92,0.00,0.00,0.00,
LAIKA1,778.89,41.15,2164.48,-0.88,-0.01,-0.70,812,-256,15096,0.05,-0.02,0.92,0.00,0.00,0.00,
LAIKA1,778.70,40.96,2166.39,-1.00,0.06,-0.95,836,-228,14724,0.05,-0.01,0.90,0.00,0.00,0.00,
LAIKA1,778.73,40.99,2166.11,-0.89,0.00,-0.85,768,-204,15284,0.05,-0.01,0.93,0.00,0.00,0.00,
LAIKA1,778.83,41.02,2165.06,-0.71,-0.08,-0.81,824,-128,15156,0.05,-0.01,0.93,0.00,0.00,0.00,
LAIKA1,778.87,41.06,2164.67,-0.75,-0.09,-0.98,740,-156,15168,0.05,-0.01,0.93,0.00,0.00,0.00,
LAIKA1,778.91,41.10,2164.21,-0.68,0.16,-0.86,896,-256,15236,0.05,-0.02,0.93,0.00,0.00,0.00,
LAIKA1,778.92,41.11,2164.18,-0.88,0.20,-0.74,668,-248,15144,0.04,-0.02,0.92,0.00,0.00,0.00,
LAIKA1,778.92,41.12,2164.19,-0.76,-0.01,-0.82,808,-172,15036,0.05,-0.01,0.92,0.00,0.00,0.00,
LAIKA1,778.91,41.14,2164.28,-0.74,-0.02,-0.90,744,-204,15068,0.05,-0.01,0.92,0.00,0.00,0.00,
LAIKA1,778.91,41.20,2164.28,-0.91,0.02,-0.95,800,-128,15204,0.05,-0.01,0.93,0.00,0.00,0.00,
LAIKA1,778.90,41.20,2164.34,-0.55,-0.15,-0.80,816,-164,15188,0.05,-0.01,0.93,0.00,0.00,0.00,
LAIKA1,778.92,41.19,2164.10,-0.66,-0.04,-0.95,856,-204,15148,0.05,-0.01,0.92,0.00,0.00,0.00,
LAIKA1,778.90,41.23,2164.36,-0.82,0.11,-0.86,820,-308,15100,0.05,-0.02,0.92,0.00,0.00,0.00,
LAIKA1,778.95,41.04,2166.35,-0.72,0.08,-1.02,848,-240,15196,0.05,-0.01,0.93,0.00,0.00,0.00,
LAIKA1,778.74,41.06,2166.02,-0.70,0.11,-0.97,768,-308,15104,0.05,-0.02,0.92,0.00,0.00,0.00,
LAIKA1,778.79,41.06,2165.48,-0.73,0.08,-0.85,832,-100,15112,0.05,-0.01,0.92,0.00,0.00,0.00,
LAIKA1,778.85,41.13,2164.91,-0.69,0.03,-0.87,800,-276,15112,0.05,-0.02,0.92,0.00,0.00,0.00,
LAIKA1,778.89,41.14,2164.42,-0.88,0.08,-1.03,752,-168,15136,0.05,-0.01,0.92,0.00,0.00,0.00,
LAIKA1,778.91,41.15,2164.22,-0.79,-0.02,-0.82,780,-284,15068,0.05,-0.02,0.92,0.00,0.00,0.00,
LAIKA1,778.88,41.15,2164.52,-0.72,-0.01,-0.91,876,-340,14984,0.05,-0.02,0.91,0.00,0.00,0.00,
LAIKA1,778.92,41.17,2164.13,-0.90,0.31,-0.82,860,-128,15008,0.05,-0.01,0.92,0.00,0.00,0.00,
LAIKA1,778.91,41.18,2164.25,-0.95,0.12,-0.83,816,-172,15024,0.05,-0.01,0.92,0.00,0.00,0.00,
LAIKA1,778.91,41.20,2164.24,-0.88,0.03,-0.81,728,-240,14968,0.04,-0.01,0.91,0.00,0.00,0.00,
LAIKA1,778.92,41.20,2164.14,-0.83,0.00,-0.82,780,-152,15008,0.05,-0.01,0.92,0.00,0.00,0.00,
LAIKA1,778.91,41.22,2164.24,-0.95,0.08,-0.92,792,-276,14840,0.05,-0.02,0.91,0.00,0.00,0.00,
LAIKA1,778.88,41.23,2164.56,-0.98,0.02,-1.02,884,-296,15120,0.05,-0.02,0.92,0.00,0.00,0.00,
LAIKA1,778.72,41.02,2166.20,-0.86,-0.01,-0.76,776,-276,15136,0.05,-0.02,0.92,0.00,0.00,0.00,
LAIKA1,778.75,41.05,2165.94,-0.61,0.37,-1.03,896,-220,14904,0.05,-0.01,0.91,0.00,0.00,0.00,
LAIKA1,778.81,41.09,2165.27,-0.83,-0.23,-1.01,1060,-272,15072,0.06,-0.02,0.92,0.00,0.00,0.00,
LAIKA1,778.85,41.12,2164.82,-0.76,0.05,-1.02,760,-192,15136,0.05,-0.01,0.92,0.00,0.00,0.00,
LAIKA1,778.88,41.16,2164.56,-0.60,0.07,-0.89,764,-204,15000,0.05,-0.01,0.92,0.00,0.00,0.00,
LAIKA1,778.90,41.17,2164.36,-0.77,0.04,-0.87,688,-240,15192,0.04,-0.01,0.93,0.00,0.00,0.00,
LAIKA1,778.90,41.18,2164.36,-0.78,-0.15,-0.98,728,-260,15128,0.04,-0.02,0.92,0.00,0.00,0.00,
LAIKA1,778.93,41.19,2164.07,-0.82,-0.05,-1.04,792,-248,15180,0.05,-0.02,0.93,0.00,0.00,0.00,
LAIKA1,778.89,41.19,2164.44,-0.91,0.00,-0.85,748,-304,15148,0.05,-0.02,0.92,0.00,0.00,0.00,
LAIKA1,778.91,41.21,2164.27,-0.75,-0.08,-0.98,772,-212,15348,0.05,-0.01,0.94,0.00,0.00,0.00,
LAIKA1,778.89,41.23,2164.47,-0.93,-0.05,-0.84,872,-276,15104,0.05,-0.02,0.92,0.00,0.00,0.00,
LAIKA1,778.91,41.24,2164.29,-0.72,-0.10,-0.96,700,-312,15212,0.04,-0.02,0.93,0.00,0.00,0.00,
LAIKA1,778.70,41.05,2166.36,-0.90,0.09,-0.88,716,-196,15284,0.04,-0.01,0.93,0.00,0.00,0.00,
LAIKA1,778.78,41.08,2165.55,-0.92,0.08,-1.04,856,-196,15052,0.05,-0.01,0.92,0.00,0.00,0.00,
LAIKA1,778.81,41.13,2165.30,-0.63,-0.10,-0.85,760,-268,15112,0.05,-0.02,0.92,0.00,0.00,0.00,
LAIKA1,778.86,41.15,2164.76,-0.71,-0.06,-0.66,876,-280,15132,0.05,-0.02,0.92,0.00,0.00,0.00,
LAIKA1,778.87,41.18,2164.69,-0.69,0.17,-0.94,804,-284,15088,0.05,-0.02,0.92,0.00,0.00,0.00,
LAIKA1,778.91,41.20,2164.27,-0.89,0.29,-0.77,760,-268,15060,0.05,-0.02,0.92,0.00,0.00,0.00,
LAIKA1,778.91,41.21,2164.20,-0.78,-0.08,-1.02,748,-184,15152,0.05,-0.01,0.92,0.00,0.00,0.00,
LAIKA1,778.92,41.21,2164.16,-0.76,-0.08,-0.85,844,-200,15108,0.05,-0.01,0.92,0.00,0.00,0.00,
LAIKA1,778.91,41.23,2164.25,-0.94,0.22,-0.88,776,-308,15028,0.05,-0.02,0.92,0.00,0.00,0.00,
LAIKA1,778.92,41.25,2164.17,-0.86,-0.08,-0.76,844,-292,15080,0.05,-0.02,0.92,0.00,0.00,0.00,
LAIKA1,778.90,41.25,2164.37,-0.86,-0.01,-1.11,844,-284,15144,0.05,-0.02,0.92,0.00,0.00,0.00,
LAIKA1,778.93,41.27,2164.02,-0.59,0.00,-0.92,788,-228,15156,0.05,-0.01,0.93,0.00,0.00,0.00,
LAIKA1,778.73,41.08,2166.11,-0.90,-0.05,-0.94,824,-216,15140,0.05,-0.01,0.92,0.00,0.00,0.00,
LAIKA1,778.78,41.11,2165.53,-0.78,0.03,-0.99,644,-192,15228,0.04,-0.01,0.93,0.00,0.00,0.00,
LAIKA1,778.86,41.15,2164.76,-0.86,-0.02,-0.73,944,-196,15112,0.06,-0.01,0.92,0.00,0.00,0.00,
LAIKA1,778.89,41.18,2164.43,-0.95,0.08,-0.82,748,-248,15032,0.05,-0.02,0.92,0.00,0.00,0.00,
LAIKA1,778.89,41.21,2164.41,-0.90,-0.01,-0.99,800,-228,15148,0.05,-0.01,0.92,0.00,0.00,0.00,
LAIKA1,778.90,41.22,2164.35,-0.85,0.08,-0.71,852,-196,15160,0.05,-0.01,0.93,0.00,0.00,0.00,
LAIKA1,778.92,41.24,2164.18,-0.71,0.16,-0.89,788,-260,15168,0.05,-0.02,0.93,0.00,0.00,0.00,
LAIKA1,778.92,41.24,2164.19,-0.85,-0.15,-0.79,704,-124,15260,0.04,-0.01,0.93,0.00,0.00,0.00,
LAIKA1,778.92,41.25,2164.11,-0.62,0.13,-1.02,772,-236,15208,0.05,-0.01,0.93,0.00,0.00,0.00,
LAIKA1,778.91,41.26,2164.25,-0.98,0.03,-0.77,780,-224,15176,0.05,-0.01,0.93,0.00,0.00,0.00,
LAIKA1,778.89,41.27,2164.49,-0.85,0.01,-0.95,828,-276,15124,0.05,-0.02,0.92,0.00,0.00,0.00,
LAIKA1,778.89,41.28,2164.46,-0.73,-0.05,-0.92,768,-184,15228,0.05,-0.01,0.93,0.00,0.00,0.00,
LAIKA1,778.72,41.09,2166.24,-0.82,0.04,-0.83,856,-240,15132,0.05,-0.01,0.92,0.00,0.00,0.00,
LAIKA1,778.78,41.13,2165.62,-0.89,0.05,-0.86,792,-176,15240,0.05,-0.01,0.93,0.00,0.00,0.00,
LAIKA1,778.83,41.17,2165.12,-1.05,0.39,-0.90,824,-268,15304,0.05,-0.02,0.93,0.00,0.00,0.00,
LAIKA1,778.86,41.19,2164.76,-0.70,-0.20,-0.93,740,-316,15236,0.05,-0.02,0.93,0.00,0.00,0.00,
LAIKA1,778.88,41.22,2164.58,-0.90,0.03,-0.91,736,-204,15236,0.04,-0.01,0.93,0.00,0.00,0.00,
LAIKA1,778.90,41.24,2164.35,-0.86,0.14,-0.90,888,-216,15192,0.05,-0.01,0.93,0.00,0.00,0.00,
LAIKA1,778.91,41.25,2164.22,-0.84,0.00,-0.82,764,-200,15144,0.05,-0.01,0.92,0.00,0.00,0.00,
LAIKA1,778.91,41.27,2164.29,-0.88,-0.06,-1.14,776,-256,15116,0.05,-0.02,0.92,0.00,0.00,0.00,
LAIKA1,778.90,41.28,2164.32,-0.56,-0.02,-1.06,808,-236,15320,0.05,-0.01,0.94,0.00,0.00,0.00,
LAIKA1,778.90,41.28,2164.32,-0.82,0.06,-0.82,780,-132,14948,0.05,-0.01,0.91,0.00,0.00,0.00,
LAIKA1,778.92,41.30,2164.17,-0.69,0.02,-0.90,744,-196,14928,0.05,-0.01,0.91,0.00,0.00,0.00,
LAIKA1,778.90,41.30,2164.37,-0.73,0.01,-0.89,820,-256,15196,0.05,-0.02,0.93,0.00,0.00,0.00,
LAIKA1,778.97,41.11,2166.08,-0.85,-0.11,-0.93,800,-348,15012,0.05,-0.02,0.92,0.00,0.00,0.00,
LAIKA1,778.77,41.15,2165.64,-0.72,0.00,-0.98,736,-336,15256,0.04,-0.02,0.93,0.00,0.00,0.00,
LAIKA1,778.81,41.18,2165.27,-0.74,-0.06,-1.08,900,-248,15156,0.05,-0.02,0.93,0.00,0.00,0.00,
LAIKA1,778.85,41.22,2164.87,-0.79,0.14,-0.86,744,-112,15112,0.05,-0.01,0.92,0.00,0.00,0.00,
LAIKA1,778.90,41.29,2164.35,-0.98,-0.02,-0.75,852,-256,14992,0.05,-0.02,0.92,0.00,0.00,0.00,
LAIKA1,778.90,41.29,2164.30,-0.84,-0.11,-1.07,788,-296,15052,0.05,-0.02,0.92,0.00,0.00,0.00,
LAIKA1,778.92,41.30,2164.19,-0.72,-0.04,-0.73,808,-280,15100,0.05,-0.02,0.92,0.00,0.00,0.00,
LAIKA1,778.92,41.31,2164.12,-0.82,-0.04,-0.77,804,-284,15128,0.05,-0.02,0.92,0.00,0.00,0.00,
LAIKA1,778.93,41.31,2164.05,-0.73,0.06,-0.92,720,-268,14984,0.04,-0.02,0.91,0.00,0.00,0.00,
LAIKA1,778.93,41.33,2164.08,-0.85,0.02,-0.93,848,-216,15308,0.05,-0.01,0.93,0.00,0.00,0.00,
LAIKA1,778.93,41.37,2164.00,-0.90,-0.06,-0.74,836,-236,15072,0.05,-0.01,0.92,0.00,0.00,0.00,
LAIKA1,778.91,41.39,2164.28,-1.21,-0.15,-1.07,796,-264,15244,0.05,-0.02,0.93,0.00,0.00,0.00,
LAIKA1,778.74,41.16,2165.97,-0.81,0.12,-0.79,1036,-292,14924,0.06,-0.02,0.91,0.00,0.00,0.00,
LAIKA1,778.79,41.18,2165.43,-0.56,0.19,-0.95,776,-228,15288,0.05,-0.01,0.93,0.00,0.00,0.00,
LAIKA1,778.82,41.21,2165.12,-0.90,-0.20,-0.79,736,-184,15080,0.04,-0.01,0.92,0.00,0.00,0.00,
LAIKA1,778.88,41.23,2164.60,-0.66,-0.06,-0.99,820,-244,15128,0.05,-0.01,0.92,0.00,0.00,0.00,
LAIKA1,778.89,41.27,2164.42,-0.87,-0.06,-0.77,812,-260,15040,0.05,-0.02,0.92,0.00,0.00,0.00,
LAIKA1,778.93,41.28,2164.02,-0.73,0.08,-0.74,796,-224,15100,0.05,-0.01,0.92,0.00,0.00,0.00,
LAIKA1,778.91,41.29,2164.21,-0.73,0.07,-1.10,840,-256,15024,0.05,-0.02,0.92,0.00,0.00,0.00,
LAIKA1,778.91,41.30,2164.23,-0.63,-0.07,-0.85,852,-124,14904,0.05,-0.01,0.91,0.00,0.00,0.00,
LAIKA1,778.92,41.31,2164.13,-0.75,-0.16,-0.85,700,-392,15128,0.04,-0.02,0.92,0.00,0.00,0.00,
LAIKA1,778.89,41.34,2164.42,-0.99,-0.24,-0.92,700,-228,15480,0.04,-0.01,0.94,0.00,0.00,0.00,
LAIKA1,778.91,41.34,2164.21,-0.89,0.28,-0.99,812,-200,14644,0.05,-0.01,0.89,0.00,0.00,0.00,
LAIKA1,778.90,41.35,2164.32,-0.69,0.05,-0.97,728,-264,15032,0.04,-0.02,0.92,0.00,0.00,0.00,
LAIKA1,778.73,41.16,2166.05,-0.81,0.11,-0.94,840,-200,15212,0.05,-0.01,0.93,0.00,0.00,0.00,
LAIKA1,778.77,41.18,2165.66,-0.85,0.01,-0.91,800,-260,15240,0.05,-0.02,0.93,0.00,0.00,0.00,
LAIKA1,778.83,41.22,2165.10,-0.58,-0.03,-0.84,888,-184,15304,0.05,-0.01,0.93,0.00,0.00,0.00,
LAIKA1,778.89,41.25,2164.49,-0.83,-0.05,-0.82,784,-344,15172,0.05,-0.02,0.93,0.00,0.00,0.00,
LAIKA1,778.89,41.28,2164.46,-0.88,0.05,-0.90,808,-312,15068,0.05,-0.02,0.92,0.00,0.00,0.00,
LAIKA1,778.89,41.28,2164.45,-0.85,0.02,-0.85,784,-208,15136,0.05,-0.01,0.92,0.00,0.00,0.00,
LAIKA1,778.92,41.29,2164.14,-0.85,-0.02,-0.86,908,-244,15160,0.06,-0.01,0.93,0.00,0.00,0.00,
LAIKA1,778.91,41.32,2164.28,-0.81,-0.05,-0.72,784,-248,15240,0.05,-0.02,0.93,0.00,0.00,0.00,
LAIKA1,778.91,41.33,2164.28,-0.69,0.00,-0.84,792,-272,15168,0.05,-0.02,0.93,0.00,0.00,0.00,
LAIKA1,778.89,41.34,2164.41,-0.84,-0.03,-0.79,784,-304,15104,0.05,-0.02,0.92,0.00,0.00,0.00,
LAIKA1,778.89,41.34,2164.44,-0.72,0.02,-0.87,768,-268,15120,0.05,-0.02,0.92,0.00,0.00,0.00,
LAIKA1,778.90,41.35,2164.36,-0.87,0.03,-0.95,872,-248,15248,0.05,-0.02,0.93,0.00,0.00,0.00,
LAIKA1,778.74,41.17,2166.04,-0.74,0.15,-0.79,764,-244,14968,0.05,-0.01,0.91,0.00,0.00,0.00,
LAIKA1,778.78,41.20,2165.54,-0.86,0.21,-0.82,800,-512,15144,0.05,-0.03,0.92,0.00,0.00,0.00,
LAIKA1,778.85,41.23,2164.90,-0.74,-0.01,-0.92,748,-204,15188,0.05,-0.01,0.93,0.00,0.00,0.00,
LAIKA1,778.86,41.26,2164.72,-0.84,-0.07,-0.89,788,-284,15196,0.05,-0.02,0.93,0.00,0.00,0.00,
LAIKA1,778.90,41.29,2164.33,-0.71,-0.01,-0.93,864,-240,15172,0.05,-0.01,0.93,0.00,0.00,0.00,
LAIKA1,778.92,41.30,2164.09,-0.82,-0.05,-0.95,808,-272,15184,0.05,-0.02,0.93,0.00,0.00,0.00,
LAIKA1,778.91,41.31,2164.24,-0.79,0.02,-0.85,704,-328,15136,0.04,-0.02,0.92,0.00,0.00,0.00,
LAIKA1,778.93,41.32,2164.02,-0.74,0.01,-1.02,788,-308,15144,0.05,-0.02,0.92,0.00,0.00,0.00,
LAIKA1,778.91,41.33,2164.23,-0.73,0.02,-0.99,812,-268,15104,0.05,-0.02,0.92,0.00,0.00,0.00,
LAIKA1,778.90,41.35,2164.34,-0.84,0.05,-1.03,804,-256,15096,0.05,-0.02,0.92,0.00,0.00,0.00,
LAIKA1,778.91,41.37,2164.21,-0.92,-0.11,-1.05,676,-364,15176,0.04,-0.02,0.93,0.00,0.00,0.00,
LAIKA1,778.92,41.37,2164.17,-0.85,0.02,-0.97,812,-216,15088,0.05,-0.01,0.92,0.00,0.00,0.00,
LAIKA1,778.76,41.19,2165.84,-0.79,0.14,-0.80,652,-204,15112,0.04,-0.01,0.92,0.00,0.00,0.00,
LAIKA1,778.77,41.21,2165.68,-0.92,0.10,-0.92,772,-304,15220,0.05,-0.02,0.93,0.00,0.00,0.00,
LAIKA1,778.82,41.24,2165.18,-0.71,0.11,-0.77,800,-156,15240,0.05,-0.01,0.93,0.00,0.00,0.00,
LAIKA1,778.84,41.27,2165.01,-0.76,-0.01,-0.85,752,-240,15292,0.05,-0.01,0.93,0.00,0.00,0.00,
LAIKA1,778.91,41.30,2164.22,-0.87,-0.12,-0.95,844,-152,15560,0.05,-0.01,0.95,0.00,0.00,0.00,
LAIKA1,778.90,41.32,2164.37,-0.98,-0.02,-0.83,836,-312,15164,0.05,-0.02,0.93,0.00,0.00,0.00,
LAIKA1,778.91,41.32,2164.20,-0.68,-0.05,-0.81,812,-268,15244,0.05,-0.02,0.93,0.00,0.00,0.00,
LAIKA1,778.93,41.34,2164.03,-0.66,0.13,-0.92,668,-244,15204,0.04,-0.01,0.93,0.00,0.00,0.00,
LAIKA1,778.93,41.35,2164.00,-0.79,-0.03,-0.79,856,-300,15136,0.05,-0.02,0.92,0.00,0.00,0.00,
LAIKA1,778.91,41.36,2164.29,-0.70,0.08,-0.91,788,-188,15036,0.05,-0.01,0.92,0.00,0.00,0.00,
LAIKA1,778.92,41.38,2164.14,-0.92,0.05,-0.97,728,-248,15108,0.04,-0.02,0.92,0.00,0.00,0.00,
LAIKA1,778.91,41.38,2164.26,-0.85,-0.12,-1.04,796,-128,15084,0.05,-0.01,0.92,0.00,0.00,0.00,
LAIKA1,778.72,41.19,2166.21,-1.05,0.05,-0.83,840,-280,15156,0.05,-0.02,0.93,0.00,0.00,0.00,
LAIKA1,778.79,41.23,2165.46,-0.87,-0.14,-0.92,784,-188,15124,0.05,-0.01,0.92,0.00,0.00,0.00,
LAIKA1,778.84,41.25,2164.99,-0.69,0.03,-1.02,736,-308,15156,0.04,-0.02,0.93,0.00,0.00,0.00,
LAIKA1,778.90,41.28,2164.32,-0.72,-0.08,-0.95,764,-256,15176,0.05,-0.02,0.93,0.00,0.00,0.00,
LAIKA1,778.89,41.31,2164.44,-0.91,0.11,-0.94,704,-260,15024,0.04,-0.02,0.92,0.00,0.00,0.00,
LAIKA1,778.94,41.32,2163.98,-0.79,-0.37,-1.21,1168,-284,14920,0.07,-0.02,0.91,0.00,0.00,0.00,
LAIKA1,778.93,41.33,2164.08,-0.81,0.03,-1.06,796,-272,15024,0.05,-0.02,0.92,0.00,0.00,0.00,
LAIKA1,778.93,41.35,2164.03,-0.85,0.11,-0.82,836,-236,15104,0.05,-0.01,0.92,0.00,0.00,0.00,
LAIKA1,778.92,41.36,2164.10,-0.70,0.05,-0.91,656,-164,15136,0.04,-0.01,0.92,0.00,0.00,0.00,
LAIKA1,778.93,41.37,2164.05,-0.73,0.04,-0.76,724,-256,15148,0.04,-0.02,0.92,0.00,0.00,0.00,
LAIKA1,778.91,41.37,2164.22,-0.63,0.00,-0.96,688,-144,15172,0.04,-0.01,0.93,0.00,0.00,0.00,
LAIKA1,778.91,41.38,2164.23,-0.79,0.08,-1.02,808,-256,15048,0.05,-0.02,0.92,0.00,0.00,0.00,
LAIKA1,778.89,41.19,2166.19,-0.84,-0.22,-0.69,760,-204,15192,0.05,-0.01,0.93,0.00,0.00,0.00,
